[
  {
    "name": "teckinesis (MediaLayer)",
    "author": "Will Wolff-Myren",
    "switchMount": "cherry",
    "switchBrand": "gateron",
    "switchType": "KS-3-Tea"
  },
  [
    {
      "x": 3.5,
      "c": "#99de2a"
    },
    "F13",
    {
      "x": 10.5
    },
    "F18"
  ],
  [
    {
      "y": -0.875,
      "x": 2.5
    },
    "F12",
    {
      "x": 1
    },
    "F14",
    {
      "x": 8.5
    },
    "F17",
    {
      "x": 1
    },
    "F19"
  ],
  [
    {
      "y": -0.875,
      "x": 5.5
    },
    "F15",
    {
      "c": "#ff4444"
    },
    "Esc",
    {
      "x": 4.5
    },
    "Esc",
    {
      "c": "#99de2a"
    },
    "F16"
  ],
  [
    {
      "y": -0.875,
      "x": 1.5
    },
    "F11",
    {
      "x": 14.5
    },
    "F20"
  ],
  [
    {
      "y": -0.995,
      "c": "#000000",
      "t": "#ff0000",
      "w": 1.5
    },
    "Media\n\n\n\n\n\nShift",
    {
      "x": 16.5,
      "w": 1.5
    },
    "\n\nMedia\n\n\n\n\nShift"
  ],
  [
    {
      "y": -0.3799999999999999,
      "x": 3.5,
      "c": "#ff8500",
      "t": "#000000"
    },
    "Mouse\n\n\n\n\n\nUp",
    {
      "x": 10.5
    },
    "Cursor\n\n\n\n\n\nUp"
  ],
  [
    {
      "y": -0.875,
      "x": 2.5
    },
    "Mouse\n\n\n\n\n\nUpLeft",
    {
      "x": 1
    },
    "Mouse\n\n\n\n\n\nUpRgt",
    {
      "x": 8.5,
      "c": "#ffb063"
    },
    "Home",
    {
      "x": 1
    },
    "Page\n\n\n\n\n\nUp"
  ],
  [
    {
      "y": -0.875,
      "x": 5.5,
      "c": "#e6e067"
    },
    "Vol\n\n\n\n\n\nUp",
    {
      "c": "#ffb063",
      "h": 1.5
    },
    "Scroll\n\n\n\n\n\nUp",
    {
      "x": 4.5,
      "h": 1.5
    },
    "Scroll\n\n\n\n\n\nUp",
    {
      "c": "#e6e067"
    },
    "Print\n\n\n\n\n\nScreen"
  ],
  [
    {
      "y": -0.875,
      "x": 1.5,
      "c": "#737373",
      "a": 7
    },
    "",
    {
      "x": 14.5
    },
    ""
  ],
  [
    {
      "y": -0.9950000000000001,
      "c": "#2277ff",
      "a": 4,
      "w": 1.5
    },
    "Symbols\n\n\n\n\n\nShift",
    {
      "x": 16.5,
      "w": 1.5
    },
    "\n\nSymbols\n\n\n\n\nShift"
  ],
  [
    {
      "y": -0.3799999999999999,
      "x": 3.5,
      "c": "#ff8500"
    },
    "Mouse\n\n\n\n\n\nDown",
    {
      "x": 10.5
    },
    "Cursor\n\n\n\n\n\nDown"
  ],
  [
    {
      "y": -0.875,
      "x": 2.5
    },
    "Mouse\n\n\n\n\n\nLeft",
    {
      "x": 1
    },
    "Mouse\n\n\n\n\n\nRight",
    {
      "x": 8.5
    },
    "Cursor\n\n\n\n\n\nLeft",
    {
      "x": 1
    },
    "Cursor\n\n\n\n\n\nRight"
  ],
  [
    {
      "y": -0.875,
      "x": 5.5,
      "c": "#e6e067"
    },
    "Vol\n\n\n\n\n\nDown",
    {
      "x": 6.5
    },
    "Num\n\n\n\n\n\nLock"
  ],
  [
    {
      "y": -0.875,
      "x": 1.5,
      "c": "#737373",
      "a": 7
    },
    "",
    {
      "x": 14.5
    },
    ""
  ],
  [
    {
      "y": -0.9950000000000001,
      "c": "#2277ff",
      "a": 4,
      "w": 1.5
    },
    "Capitals\n\n\n\n\n\nShift",
    {
      "x": 16.5,
      "w": 1.5
    },
    "\n\nCapitals\n\n\n\n\nShift"
  ],
  [
    {
      "y": -0.6299999999999999,
      "x": 6.5,
      "c": "#ffb063",
      "h": 1.5
    },
    "Scroll\n\n\n\n\n\nDown",
    {
      "x": 4.5,
      "h": 1.5
    },
    "Scroll\n\n\n\n\n\nDown"
  ],
  [
    {
      "y": -0.75,
      "x": 3.5,
      "c": "#ff8500"
    },
    "Mouse\n\n\n\n\n\nDown",
    {
      "x": 10.5
    },
    "Cursor\n\n\n\n\n\nDown"
  ],
  [
    {
      "y": -0.875,
      "x": 2.5
    },
    "Mouse\n\n\n\n\n\nDnLeft",
    {
      "x": 1
    },
    "Mouse\n\n\n\n\n\nDnRgt",
    {
      "x": 8.5,
      "c": "#ffb063"
    },
    "End",
    {
      "x": 1
    },
    "Page\n\n\n\n\n\nDown"
  ],
  [
    {
      "y": -0.875,
      "x": 5.5,
      "c": "#e6e067"
    },
    "Mute",
    {
      "x": 6.5,
      "c": "#737373",
      "a": 7
    },
    ""
  ],
  [
    {
      "y": -0.875,
      "x": 1.5
    },
    "",
    {
      "x": 14.5
    },
    ""
  ],
  [
    {
      "y": -0.9950000000000001,
      "c": "#2277ff",
      "a": 4,
      "w": 1.5
    },
    "Ctrl",
    {
      "x": 16.5,
      "w": 1.5
    },
    "Ctrl"
  ],
  [
    {
      "y": -0.3799999999999999,
      "x": 3.5,
      "c": "#ff8500"
    },
    "Middle\n\n\n\n\n\nClick",
    {
      "x": 10.5,
      "c": "#ffb063",
      "fa": [
        0,
        0,
        0,
        1
      ]
    },
    "Delete\n\n\nOption"
  ],
  [
    {
      "y": -0.875,
      "x": 2.5,
      "c": "#ff8500"
    },
    "Left\n\n\n\n\n\nClick",
    {
      "x": 1
    },
    "Right\n\n\n\n\n\nClick",
    {
      "x": 8.5,
      "c": "#ffb063"
    },
    "Insert\n\n\nCmd",
    {
      "x": 1,
      "c": "#77aaff"
    },
    "Hyper"
  ],
  [
    {
      "y": -0.75,
      "x": 0.5
    },
    "Alt\n\n\nLAlt",
    "Meh",
    {
      "x": 14.5
    },
    "Meh",
    "Alt\n\n\nRAlt"
  ],
  [
    {
      "r": 30,
      "rx": 6.5,
      "ry": 4.25,
      "y": -1,
      "x": 1,
      "c": "#ccbb00"
    },
    "Stop\n\n\nBrowser",
    "Reload\n\n\nBrowser"
  ],
  [
    {
      "h": 2
    },
    "< Web\n\n\nBrowser",
    {
      "h": 2
    },
    "Web >\n\n\nBrowser",
    "Search\n\n\nBrowser"
  ],
  [
    {
      "x": 2
    },
    "Home\n\n\nBrowser"
  ],
  [
    {
      "r": -30,
      "rx": 13,
      "y": -1,
      "x": -3
    },
    "Prev\n\n\nAudio\n\n\nTrack",
    "Next\n\n\nAudio\n\n\nTrack"
  ],
  [
    {
      "x": -3,
      "c": "#e6e067"
    },
    "Vol\n\n\n\n\n\nUp",
    {
      "c": "#ccbb00",
      "h": 2
    },
    "Stop\n\n\nAudio",
    {
      "h": 2
    },
    "Play\n\n\nAudio\n\n\nPause"
  ],
  [
    {
      "x": -3,
      "c": "#e6e067"
    },
    "Vol\n\n\n\n\n\nDown"
  ]
]